step,train_loss,train_acc,val_acc,test_acc,spectral_low_frac,spectral_entropy
100,4.572722434997559,0.020958084613084793,0.0,0.007792207792207792,,
2000,0.00481143593788147,1.0,0.0,0.006139315230224321,,
4000,0.0005388509598560631,1.0,0.0,0.005785123966942148,,
5000,0.0004455717862583697,1.0,0.0,0.0059031877213695395,,
